demo_user001;password;password;demo001;user;23442555;demo001@user.com
demo_user002;password;password;demo002;user;23442556;demo002@user.com
demo_user003;password;password;demo003;user;23442557;demo003@user.com
demo_user004;password;password;demo004;user;23442558;demo004@user.com
demo_user005;password;password;demo005;user;23442559;demo005@user.com
demo_user006;password;password;demo006;user;23442560;demo006@user.com
demo_user007;password;password;demo007;user;23442561;demo007@user.com
demo_user008;password;password;demo008;user;23442562;demo008@user.com
demo_user009;password;password;demo009;user;23442563;demo009@user.com
demo_user010;password;password;demo010;user;23442564;demo010@user.com
